{
  "requires": true,
  "lockfileVersion": 1,
  "dependencies": {
    "axios": {
      "version": "0.19.0",
      "resolved": "https://registry.npmjs.org/axios/-/axios-0.19.0.tgz",
      "integrity": "sha512-1uvKqKQta3KBxIz14F2v06AEHZ/dIoeKfbTRkK1E5oqjDnuEerLmYTgJB5AiQZHJcljpg1TuRzdjDR06qNk0DQ==",
      "requires": {
        "follow-redirects": "1.5.10",
        "is-buffer": "^2.0.2"
      }
    },
    "debug": {
      "version": "3.1.0",
      "resolved": "https://registry.npmjs.org/debug/-/debug-3.1.0.tgz",
      "integrity": "sha512-OX8XqP7/1a9cqkxYw2yXss15f26NKWBpDXQd0/uK/KPqdQhxbPa994hnzjcE2VqQpDslf55723cKPUOGSmMY3g==",
      "requires": {
        "ms": "2.0.0"
      }
    },
    "follow-redirects": {
      "version": "1.5.10",
      "resolved": "https://registry.npmjs.org/follow-redirects/-/follow-redirects-1.5.10.tgz",
      "integrity": "sha512-0V5l4Cizzvqt5D44aTXbFZz+FtyXV1vrDN6qrelxtfYQKW0KO0W2T/hkE8xvGa/540LkZlkaUjO4ailYTFtHVQ==",
      "requires": {
        "debug": "=3.1.0"
      }
    },
    "is-buffer": {
      "version": "2.0.4",
      "resolved": "https://registry.npmjs.org/is-buffer/-/is-buffer-2.0.4.tgz",
      "integrity": "sha512-Kq1rokWXOPXWuaMAqZiJW4XxsmD9zGx9q4aePabbn3qCRGedtH7Cm+zV8WETitMfu1wdh+Rvd6w5egwSngUX2A=="
    },
    "ms": {
      "version": "2.0.0",
      "resolved": "https://registry.npmjs.org/ms/-/ms-2.0.0.tgz",
      "integrity": "sha1-VgiurfwAvmwpAd9fmGF4jeDVl8g="
    },
    "readline-sync": {
      "version": "1.4.10",
      "resolved": "https://registry.npmjs.org/readline-sync/-/readline-sync-1.4.10.tgz",
      "integrity": "sha512-gNva8/6UAe8QYepIQH/jQ2qn91Qj0B9sYjMBBs3QOB8F2CXcKgLxQaJRP76sWVRQt+QU+8fAkCbCvjjMFu7Ycw=="
    }
  }
}
